path,tokens
/home/kavin-ravi/CodingStuff/quant_finance_project/api_cost/data/news/The_Camden_Chronicle/camden_2019-07-12_us-philanthropists-vow-to-raise-millions-for-climate-activis-f91292.pdf,744
/home/kavin-ravi/CodingStuff/quant_finance_project/api_cost/data/news/The_Camden_Chronicle/camden_2019-07-17_nsw-remaps-old-growth-forests-to-connect-up-reserves-to-logg-8bebcb.pdf,939
/home/kavin-ravi/CodingStuff/quant_finance_project/api_cost/data/news/The_Camden_Chronicle/camden_2019-07-24_it-carried-our-dog-away-are-the-uk-s-seagulls-getting-more-a-a4a5bc.pdf,1272
/home/kavin-ravi/CodingStuff/quant_finance_project/api_cost/data/news/The_Camden_Chronicle/camden_2019-08-14_wework-files-for-ipo-amid-investor-skepticism-over-deep-loss-6aada8.pdf,944
/home/kavin-ravi/CodingStuff/quant_finance_project/api_cost/data/news/The_Camden_Chronicle/camden_2019-08-21_trump-raises-pressure-on-federal-reserve-to-cut-interest-rat-6f214d.pdf,457
/home/kavin-ravi/CodingStuff/quant_finance_project/api_cost/data/news/The_Camden_Chronicle/camden_2019-08-23_devon-police-apologise-for-calling-animal-rights-activists-i-e677fe.pdf,734
/home/kavin-ravi/CodingStuff/quant_finance_project/api_cost/data/news/The_Camden_Chronicle/camden_2019-08-23_hasbro-buys-peppa-pig-owner-entertainment-one-in-3-3bn-deal-442297.pdf,1864
/home/kavin-ravi/CodingStuff/quant_finance_project/api_cost/data/news/The_Camden_Chronicle/camden_2019-09-12_british-airways-cancels-flights-before-second-planned-pilots-9dc3d0.pdf,850
/home/kavin-ravi/CodingStuff/quant_finance_project/api_cost/data/news/The_Camden_Chronicle/camden_2019-09-18_credit-card-spending-overtakes-cash-for-first-time-9414cf.pdf,553
/home/kavin-ravi/CodingStuff/quant_finance_project/api_cost/data/news/The_Camden_Chronicle/camden_2019-09-20_people-v-mosquitos-what-to-do-about-our-biggest-killer-be1e87.pdf,1110
/home/kavin-ravi/CodingStuff/quant_finance_project/api_cost/data/news/The_Camden_Chronicle/camden_2019-09-26_tiktok-s-local-moderation-guidelines-ban-pro-lgbt-content-1615ef.pdf,1125
/home/kavin-ravi/CodingStuff/quant_finance_project/api_cost/data/news/The_Camden_Chronicle/camden_2019-09-27_rewilding-tree-planting-and-the-cultural-heritage-of-the-upl-b42ae0.pdf,990
/home/kavin-ravi/CodingStuff/quant_finance_project/api_cost/data/news/The_Camden_Chronicle/camden_2019-10-05_if-the-pm-thought-money-for-farmers-was-welfare-they-d-be-ge-8e92e2.pdf,1420
/home/kavin-ravi/CodingStuff/quant_finance_project/api_cost/data/news/The_Camden_Chronicle/camden_2019-10-07_uk-universities-in-landmark-deal-to-buy-energy-direct-from-w-a5d090.pdf,673
/home/kavin-ravi/CodingStuff/quant_finance_project/api_cost/data/news/The_Camden_Chronicle/camden_2019-10-13_top-investment-banks-provide-billions-to-expand-fossil-fuel--68e628.pdf,1137
/home/kavin-ravi/CodingStuff/quant_finance_project/api_cost/data/news/The_Camden_Chronicle/camden_2019-10-14_call-your-bank-and-ask-for-a-better-mortgage-deal-but-read-t-ed9fc7.pdf,1257
/home/kavin-ravi/CodingStuff/quant_finance_project/api_cost/data/news/The_Camden_Chronicle/camden_2019-11-07_sainsbury-s-profits-dive-more-than-90-as-store-closures-cost-21aa38.pdf,871
/home/kavin-ravi/CodingStuff/quant_finance_project/api_cost/data/news/The_Camden_Chronicle/camden_2019-11-15_watchdog-attacks-tory-and-labour-minimum-wage-proposals-200bff.pdf,736
/home/kavin-ravi/CodingStuff/quant_finance_project/api_cost/data/news/The_Camden_Chronicle/camden_2019-11-21_uk-growth-will-dip-to-1-even-if-no-deal-brexit-avoided-warns-29630f.pdf,968
/home/kavin-ravi/CodingStuff/quant_finance_project/api_cost/data/news/The_Camden_Chronicle/camden_2019-11-24_petrofac-executive-accused-of-keeping-fake-accounts-to-disgu-58a903.pdf,1210
/home/kavin-ravi/CodingStuff/quant_finance_project/api_cost/data/news/The_Camden_Chronicle/camden_2019-11-28_refugees-being-starved-out-of-un-facility-in-tripoli-94d4d2.pdf,1315
/home/kavin-ravi/CodingStuff/quant_finance_project/api_cost/data/news/The_Camden_Chronicle/camden_2019-12-10_number-of-europe-s-poorest-regions-in-uk-more-than-doubles-57a037.pdf,499
/home/kavin-ravi/CodingStuff/quant_finance_project/api_cost/data/news/The_Camden_Chronicle/camden_2019-12-18_boris-johnson-urged-to-take-world-lead-on-climate-action-f6593e.pdf,850
/home/kavin-ravi/CodingStuff/quant_finance_project/api_cost/data/news/The_Camden_Chronicle/camden_2019-12-19_goldman-sachs-close-to-2bn-settlement-over-1mdb-scandal-b09177.pdf,622
/home/kavin-ravi/CodingStuff/quant_finance_project/api_cost/data/news/The_Camden_Chronicle/camden_2019-12-31_protests-at-plans-for-salmon-farm-near-lochranza-on-arran-81402f.pdf,1202
/home/kavin-ravi/CodingStuff/quant_finance_project/api_cost/data/news/The_Camden_Chronicle/camden_2019-12-31_what-an-insult-ces-names-ivanka-trump-as-keynote-speaker-d75f89.pdf,768
/home/kavin-ravi/CodingStuff/quant_finance_project/api_cost/data/news/The_Camden_Chronicle/camden_2020-01-05_britons-reach-africans-annual-carbon-emissions-in-just-two-w-550d4b.pdf,714
/home/kavin-ravi/CodingStuff/quant_finance_project/api_cost/data/news/The_Camden_Chronicle/camden_2020-01-10_grass-growing-around-mount-everest-as-global-heating-intensi-ba339f.pdf,786
/home/kavin-ravi/CodingStuff/quant_finance_project/api_cost/data/news/The_Camden_Chronicle/camden_2020-01-12_community-generated-green-electricity-to-be-offered-to-all-i-79ebc9.pdf,763
/home/kavin-ravi/CodingStuff/quant_finance_project/api_cost/data/news/The_Camden_Chronicle/camden_2020-01-15_inflation-falls-to-three-year-low-on-back-of-high-street-dis-5715fa.pdf,715
/home/kavin-ravi/CodingStuff/quant_finance_project/api_cost/data/news/The_Camden_Chronicle/camden_2020-01-15_us-says-flash-crash-trader-should-not-face-further-prison-ti-68b519.pdf,672
/home/kavin-ravi/CodingStuff/quant_finance_project/api_cost/data/news/The_Camden_Chronicle/camden_2020-01-17_locusts-swarm-into-kenya-as-un-warns-of-extreme-danger-to-fo-297d97.pdf,822
/home/kavin-ravi/CodingStuff/quant_finance_project/api_cost/data/news/The_Camden_Chronicle/camden_2020-01-21_davos-2020-greta-demands-climate-action-but-trump-blasts-pes-68949c.pdf,1303
/home/kavin-ravi/CodingStuff/quant_finance_project/api_cost/data/news/The_Camden_Chronicle/camden_2020-01-22_reshape-economy-to-fight-climate-crisis-says-prince-charles-010c5b.pdf,1136
/home/kavin-ravi/CodingStuff/quant_finance_project/api_cost/data/news/The_Camden_Chronicle/camden_2020-01-26_brexit-britain-may-soon-find-itself-sinking-faster-than-veni-4abcf7.pdf,1124
/home/kavin-ravi/CodingStuff/quant_finance_project/api_cost/data/news/The_Camden_Chronicle/camden_2020-01-28_country-diary-march-of-the-molluscs-69c657.pdf,583
/home/kavin-ravi/CodingStuff/quant_finance_project/api_cost/data/news/The_Camden_Chronicle/camden_2020-01-29_almonds-are-out-dairy-is-a-disaster-so-what-milk-should-we-d-e8b34b.pdf,1206
/home/kavin-ravi/CodingStuff/quant_finance_project/api_cost/data/news/The_Camden_Chronicle/camden_2020-01-29_huge-rise-in-scotland-s-deer-cull-needed-to-protect-land-say-48b3d9.pdf,1409
/home/kavin-ravi/CodingStuff/quant_finance_project/api_cost/data/news/The_Camden_Chronicle/camden_2020-02-21_revealed-quarter-of-all-tweets-about-climate-crisis-produced-ede78f.pdf,1366
/home/kavin-ravi/CodingStuff/quant_finance_project/api_cost/data/news/The_Camden_Chronicle/camden_2020-02-26_coronavirus-companies-count-the-cost-amid-threat-to-europe-s-b8f204.pdf,957
/home/kavin-ravi/CodingStuff/quant_finance_project/api_cost/data/news/The_Camden_Chronicle/camden_2020-03-04_next-bank-of-england-governor-calls-for-funds-for-coronaviru-5d0f01.pdf,960
/home/kavin-ravi/CodingStuff/quant_finance_project/api_cost/data/news/The_Camden_Chronicle/camden_2020-03-06_let-s-move-to-rotterdam-eurovision-s-new-home-a019ce.pdf,730
/home/kavin-ravi/CodingStuff/quant_finance_project/api_cost/data/news/The_Camden_Chronicle/camden_2020-03-12_peruvian-leader-appeals-to-watchdog-over-terrible-harm-cause-b0392a.pdf,996
/home/kavin-ravi/CodingStuff/quant_finance_project/api_cost/data/news/The_Camden_Chronicle/camden_2020-03-22_coronavirus-consumer-q-a-from-lost-weddings-to-acts-of-god-c823b1.pdf,990
/home/kavin-ravi/CodingStuff/quant_finance_project/api_cost/data/news/The_Camden_Chronicle/camden_2020-03-23_microsoft-surface-pro-7-review-the-best-windows-10-tablet-pc-3c3774.pdf,1506
/home/kavin-ravi/CodingStuff/quant_finance_project/api_cost/data/news/The_Camden_Chronicle/camden_2020-03-29_which-companies-are-coming-through-during-the-coronavirus-cr-414ddd.pdf,1288
/home/kavin-ravi/CodingStuff/quant_finance_project/api_cost/data/news/The_Camden_Chronicle/camden_2020-04-07_please-don-t-come-calls-to-close-us-national-parks-over-viru-bebff5.pdf,1305
/home/kavin-ravi/CodingStuff/quant_finance_project/api_cost/data/news/The_Camden_Chronicle/camden_2020-04-08_coronavirus-putting-world-on-track-for-new-great-depression--38014b.pdf,638
/home/kavin-ravi/CodingStuff/quant_finance_project/api_cost/data/news/The_Camden_Chronicle/camden_2020-04-13_ukraine-wildfires-draw-dangerously-close-to-chernobyl-site-b42150.pdf,676
/home/kavin-ravi/CodingStuff/quant_finance_project/api_cost/data/news/The_Camden_Chronicle/camden_2020-04-14_great-lockdown-to-rival-great-depression-with-3-hit-to-globa-762888.pdf,1156
/home/kavin-ravi/CodingStuff/quant_finance_project/api_cost/data/news/The_Camden_Chronicle/camden_2020-05-07_pollutionwatch-breathtaking-views-will-vanish-unless-we-buil-40ca0f.pdf,366
/home/kavin-ravi/CodingStuff/quant_finance_project/api_cost/data/news/The_Camden_Chronicle/camden_2020-05-07_war-and-the-weather-what-caused-the-huge-economic-slump-of-1-deebea.pdf,497
/home/kavin-ravi/CodingStuff/quant_finance_project/api_cost/data/news/The_Camden_Chronicle/camden_2020-05-13_country-diary-a-crawling-sprawling-floral-underclass-2acca0.pdf,675
/home/kavin-ravi/CodingStuff/quant_finance_project/api_cost/data/news/The_Camden_Chronicle/camden_2020-05-13_unicef-6-000-children-could-die-every-day-due-to-impact-of-c-f81fa1.pdf,794
/home/kavin-ravi/CodingStuff/quant_finance_project/api_cost/data/news/The_Camden_Chronicle/camden_2020-05-16_meet-the-youtuber-who-made-lockdown-work-for-her-82088e.pdf,1276
/home/kavin-ravi/CodingStuff/quant_finance_project/api_cost/data/news/The_Camden_Chronicle/camden_2020-05-20_koalas-headed-for-localised-extinction-at-planned-nsw-shenhu-fa776e.pdf,1450
/home/kavin-ravi/CodingStuff/quant_finance_project/api_cost/data/news/The_Camden_Chronicle/camden_2020-06-03_7-4-million-in-uk-living-an-almost-cashless-life-data-shows-4e472e.pdf,830
/home/kavin-ravi/CodingStuff/quant_finance_project/api_cost/data/news/The_Camden_Chronicle/camden_2020-06-03_uk-lenders-warned-about-high-levels-of-debt-b0c02f.pdf,752
/home/kavin-ravi/CodingStuff/quant_finance_project/api_cost/data/news/The_Camden_Chronicle/camden_2020-06-05_egyptian-father-to-stand-trial-on-charges-of-forced-fgm-of-t-d00838.pdf,768
/home/kavin-ravi/CodingStuff/quant_finance_project/api_cost/data/news/The_Camden_Chronicle/camden_2020-06-10_chris-packham-the-virus-has-taught-us-that-we-are-part-of-na-a8990d.pdf,1568
/home/kavin-ravi/CodingStuff/quant_finance_project/api_cost/data/news/The_Camden_Chronicle/camden_2020-06-16_uk-finance-boss-resigns-as-amanda-staveley-high-court-case-c-1e4328.pdf,759
/home/kavin-ravi/CodingStuff/quant_finance_project/api_cost/data/news/The_Camden_Chronicle/camden_2020-06-22_delhi-to-transform-25-luxury-hotels-into-covid-19-care-centr-32416c.pdf,1008
/home/kavin-ravi/CodingStuff/quant_finance_project/api_cost/data/news/The_Camden_Chronicle/camden_2020-06-26_country-diary-retracing-ancestors-steps-on-old-farm-tracks-2e36e1.pdf,656
/home/kavin-ravi/CodingStuff/quant_finance_project/api_cost/data/news/The_Camden_Chronicle/camden_2020-06-27_why-the-home-working-boom-could-tumble-london-s-skyscrapers-daea81.pdf,1424
/home/kavin-ravi/CodingStuff/quant_finance_project/api_cost/data/news/The_Camden_Chronicle/camden_2020-06-30_australia-s-environment-laws-how-do-they-work-and-what-needs-b5f73f.pdf,1072
/home/kavin-ravi/CodingStuff/quant_finance_project/api_cost/data/news/The_Camden_Chronicle/camden_2020-07-06_high-street-spending-doubles-on-saturday-after-easing-of-eng-12e535.pdf,712
/home/kavin-ravi/CodingStuff/quant_finance_project/api_cost/data/news/The_Camden_Chronicle/camden_2020-07-06_why-we-need-sharks-the-true-nature-of-the-ocean-s-monstrous--f4f00f.pdf,1222
/home/kavin-ravi/CodingStuff/quant_finance_project/api_cost/data/news/The_Camden_Chronicle/camden_2020-07-10_g4s-fined-44m-by-serious-fraud-office-over-electronic-taggin-a94915.pdf,747
/home/kavin-ravi/CodingStuff/quant_finance_project/api_cost/data/news/The_Camden_Chronicle/camden_2020-07-19_oatly-gets-a-sprinkling-of-stardust-as-it-rides-the-wave-of--fa091d.pdf,1339
/home/kavin-ravi/CodingStuff/quant_finance_project/api_cost/data/news/The_Camden_Chronicle/camden_2020-07-28_boohoo-must-publish-its-independent-review-in-full-21bc86.pdf,927
/home/kavin-ravi/CodingStuff/quant_finance_project/api_cost/data/news/The_Camden_Chronicle/camden_2020-07-29_twitter-in-turmoil-after-month-of-crisis-leads-to-concerns-o-5dae18.pdf,1500
/home/kavin-ravi/CodingStuff/quant_finance_project/api_cost/data/news/The_Camden_Chronicle/camden_2020-07-31_eurozone-gdp-slumps-by-record-12-1-amid-coronavirus-pandemic-424f33.pdf,1341
/home/kavin-ravi/CodingStuff/quant_finance_project/api_cost/data/news/The_Camden_Chronicle/camden_2020-08-06_another-1-18m-americans-file-for-unemployment-as-benefits-ex-c47303.pdf,676
/home/kavin-ravi/CodingStuff/quant_finance_project/api_cost/data/news/The_Camden_Chronicle/camden_2020-08-17_uk-household-finances-weaken-as-job-worries-mount-ryanair-cu-189bdb.pdf,1193
/home/kavin-ravi/CodingStuff/quant_finance_project/api_cost/data/news/The_Camden_Chronicle/camden_2020-08-18_electric-vehicle-sales-triple-in-australia-despite-lack-of-g-ce900c.pdf,1244
/home/kavin-ravi/CodingStuff/quant_finance_project/api_cost/data/news/The_Camden_Chronicle/camden_2020-08-22_gambling-recovered-from-covid-but-could-now-be-laid-low-by-l-18e3da.pdf,989
/home/kavin-ravi/CodingStuff/quant_finance_project/api_cost/data/news/The_Camden_Chronicle/camden_2020-08-29_before-covid-inflicted-carnage-the-australian-economy-was-st-49ed84.pdf,863
/home/kavin-ravi/CodingStuff/quant_finance_project/api_cost/data/news/The_Camden_Chronicle/camden_2020-09-02_can-a-mining-corporation-ever-truly-be-a-good-neighbor-d6d0f6.pdf,1433
/home/kavin-ravi/CodingStuff/quant_finance_project/api_cost/data/news/The_Camden_Chronicle/camden_2020-09-18_activists-sue-ministers-over-release-of-game-birds-for-shoot-c72cab.pdf,962
/home/kavin-ravi/CodingStuff/quant_finance_project/api_cost/data/news/The_Camden_Chronicle/camden_2020-09-21_she-won-t-be-the-last-why-not-enough-has-changed-since-the-m-9671e9.pdf,1200
/home/kavin-ravi/CodingStuff/quant_finance_project/api_cost/data/news/The_Camden_Chronicle/camden_2020-09-30_m-s-cuts-soya-from-production-of-milk-to-curb-deforestation-f868a8.pdf,932
/home/kavin-ravi/CodingStuff/quant_finance_project/api_cost/data/news/The_Camden_Chronicle/camden_2020-10-03_jobs-health-and-climate-what-australians-want-the-budget-to--e86c61.pdf,1317
/home/kavin-ravi/CodingStuff/quant_finance_project/api_cost/data/news/The_Camden_Chronicle/camden_2020-10-10_covid-drives-more-people-in-uk-to-fund-own-operations-3bf60b.pdf,1479
/home/kavin-ravi/CodingStuff/quant_finance_project/api_cost/data/news/The_Camden_Chronicle/camden_2020-10-25_the-us-has-a-good-record-on-fighting-monopolies-now-it-s-ast-8605b8.pdf,1145
/home/kavin-ravi/CodingStuff/quant_finance_project/api_cost/data/news/The_Camden_Chronicle/camden_2020-11-18_democratic-republic-of-congo-declares-end-to-ebola-outbreak-155ab4.pdf,903
/home/kavin-ravi/CodingStuff/quant_finance_project/api_cost/data/news/The_Camden_Chronicle/camden_2020-11-23_european-governments-failing-to-protect-citizens-from-air-po-01a18b.pdf,1118
/home/kavin-ravi/CodingStuff/quant_finance_project/api_cost/data/news/The_Camden_Chronicle/camden_2020-12-02_covid-crisis-offers-a-chance-to-act-on-climate-report-says-15480d.pdf,1021
/home/kavin-ravi/CodingStuff/quant_finance_project/api_cost/data/news/The_Camden_Chronicle/camden_2020-12-14_country-diary-ghost-ponds-can-be-priceless-botanical-time-ca-a203c4.pdf,608
/home/kavin-ravi/CodingStuff/quant_finance_project/api_cost/data/news/The_Camden_Chronicle/camden_2020-12-16_the-alaska-facility-giving-aquatic-animals-a-second-chance-a-d4ace7.pdf,1451
/home/kavin-ravi/CodingStuff/quant_finance_project/api_cost/data/news/The_Camden_Chronicle/camden_2020-12-22_uk-food-freight-firms-warn-of-looming-catastrophe-from-clogg-3c8e82.pdf,1212
/home/kavin-ravi/CodingStuff/quant_finance_project/api_cost/data/news/The_Camden_Chronicle/camden_2020-12-30_uber-eats-avoids-landmark-ruling-on-workers-status-by-settli-e1b084.pdf,1452
/home/kavin-ravi/CodingStuff/quant_finance_project/api_cost/data/news/The_Camden_Chronicle/camden_2021-01-04_uk-mortgage-approvals-at-highest-level-in-13-years-1d51bf.pdf,921
/home/kavin-ravi/CodingStuff/quant_finance_project/api_cost/data/news/The_Camden_Chronicle/camden_2021-01-12_us-greenhouse-gas-emissions-fell-10-in-2020-as-covid-curbed--588fc4.pdf,866
/home/kavin-ravi/CodingStuff/quant_finance_project/api_cost/data/news/The_Camden_Chronicle/camden_2021-01-21_uk-households-urged-to-brace-for-80-a-year-hike-in-energy-bi-572246.pdf,948
/home/kavin-ravi/CodingStuff/quant_finance_project/api_cost/data/news/The_Camden_Chronicle/camden_2021-01-22_un-warns-most-will-live-downstream-of-ageing-large-dams-by-2-e8e5ef.pdf,875
/home/kavin-ravi/CodingStuff/quant_finance_project/api_cost/data/news/The_Camden_Chronicle/camden_2021-02-15_d-day-uk-marks-50-years-since-decimalisation-990f04.pdf,927
/home/kavin-ravi/CodingStuff/quant_finance_project/api_cost/data/news/The_Camden_Chronicle/camden_2021-02-17_america-send-us-your-ideas-biden-pledges-to-protect-30-of-us-efb016.pdf,1378
/home/kavin-ravi/CodingStuff/quant_finance_project/api_cost/data/news/The_Camden_Chronicle/camden_2021-02-19_it-cuts-out-the-faff-young-people-turn-to-tiktok-for-cooking-e7c4b2.pdf,1255
/home/kavin-ravi/CodingStuff/quant_finance_project/api_cost/data/news/The_Camden_Chronicle/camden_2021-02-23_recent-australian-emissions-cuts-likely-to-be-reversed-in-re-2c5c7c.pdf,1125
/home/kavin-ravi/CodingStuff/quant_finance_project/api_cost/data/news/The_Camden_Chronicle/camden_2021-02-26_uk-culture-secretary-warns-facebook-after-news-ban-in-austra-9ff7a5.pdf,727
/home/kavin-ravi/CodingStuff/quant_finance_project/api_cost/data/news/The_Camden_Chronicle/camden_2021-03-02_london-stock-market-review-does-nothing-for-private-retail-i-29f500.pdf,1019
/home/kavin-ravi/CodingStuff/quant_finance_project/api_cost/data/news/The_Camden_Chronicle/camden_2021-03-04_international-climate-scientists-join-call-to-halt-leeds-bra-f46482.pdf,1105
/home/kavin-ravi/CodingStuff/quant_finance_project/api_cost/data/news/The_Camden_Chronicle/camden_2021-03-09_angus-steakhouse-seeks-help-from-landlords-as-covid-curbs-th-c3cf82.pdf,503
/home/kavin-ravi/CodingStuff/quant_finance_project/api_cost/data/news/The_Camden_Chronicle/camden_2021-03-10_to-protect-women-from-violence-today-we-must-secure-justice--93bd19.pdf,1184
/home/kavin-ravi/CodingStuff/quant_finance_project/api_cost/data/news/The_Camden_Chronicle/camden_2021-03-11_robert-jenrick-orders-public-inquiry-into-cumbria-coalmine-5ecff7.pdf,851
/home/kavin-ravi/CodingStuff/quant_finance_project/api_cost/data/news/The_Camden_Chronicle/camden_2021-03-22_greensill-capital-saga-raises-serious-issues-about-politicia-c42861.pdf,932
/home/kavin-ravi/CodingStuff/quant_finance_project/api_cost/data/news/The_Camden_Chronicle/camden_2021-03-23_uk-unemployment-falls-for-first-time-in-covid-19-pandemic-b581c3.pdf,977
/home/kavin-ravi/CodingStuff/quant_finance_project/api_cost/data/news/The_Camden_Chronicle/camden_2021-04-01_the-gamechanger-for-next-was-becoming-a-virtual-high-street-db220c.pdf,547
/home/kavin-ravi/CodingStuff/quant_finance_project/api_cost/data/news/The_Camden_Chronicle/camden_2021-04-02_every-choice-matters-can-we-cling-to-hope-of-avoiding-1-5c-h-7cdd81.pdf,1407
/home/kavin-ravi/CodingStuff/quant_finance_project/api_cost/data/news/The_Camden_Chronicle/camden_2021-04-07_covid-testing-must-not-become-new-norm-to-fly-says-airline-t-dead4f.pdf,845
/home/kavin-ravi/CodingStuff/quant_finance_project/api_cost/data/news/The_Camden_Chronicle/camden_2021-04-08_ftse-100-gains-as-uk-construction-hits-six-year-high-as-it-h-9321f5.pdf,1326
/home/kavin-ravi/CodingStuff/quant_finance_project/api_cost/data/news/The_Camden_Chronicle/camden_2021-04-15_glaxosmithkline-shares-jump-at-news-of-activist-hedge-fund-i-c61102.pdf,875
/home/kavin-ravi/CodingStuff/quant_finance_project/api_cost/data/news/The_Camden_Chronicle/camden_2021-04-25_a-mayday-call-a-dash-across-the-mediterranean-and-130-souls--42113d.pdf,964
/home/kavin-ravi/CodingStuff/quant_finance_project/api_cost/data/news/The_Camden_Chronicle/camden_2021-04-29_an-overhaul-of-the-global-tax-system-can-wait-no-longer-950a36.pdf,1072
/home/kavin-ravi/CodingStuff/quant_finance_project/api_cost/data/news/The_Camden_Chronicle/camden_2021-05-07_mexican-president-accuses-us-of-interference-over-funding-fo-a1a7d4.pdf,701
/home/kavin-ravi/CodingStuff/quant_finance_project/api_cost/data/news/The_Camden_Chronicle/camden_2021-05-09_inside-out-how-to-enjoy-alfresco-living-in-style-this-summer-e6b9db.pdf,1218
/home/kavin-ravi/CodingStuff/quant_finance_project/api_cost/data/news/The_Camden_Chronicle/camden_2021-05-11_nearly-40-of-astrazeneca-investors-reject-boss-s-bonus-rise-a71627.pdf,1266
/home/kavin-ravi/CodingStuff/quant_finance_project/api_cost/data/news/The_Camden_Chronicle/camden_2021-05-15_the-chips-are-down-belgium-counts-the-cost-of-betting-all-on-e3a7b0.pdf,1456
/home/kavin-ravi/CodingStuff/quant_finance_project/api_cost/data/news/The_Camden_Chronicle/camden_2021-05-21_epic-v-keystone-microsystems-tim-cook-testifies-as-star-witn-695d3a.pdf,1052
/home/kavin-ravi/CodingStuff/quant_finance_project/api_cost/data/news/The_Camden_Chronicle/camden_2021-05-23_prince-charles-small-scale-family-farms-must-be-at-heart-of--b8b551.pdf,1653
/home/kavin-ravi/CodingStuff/quant_finance_project/api_cost/data/news/The_Camden_Chronicle/camden_2021-05-25_plastic-debris-on-remote-islands-raises-temperatures-by-2-5c-cd1693.pdf,742
/home/kavin-ravi/CodingStuff/quant_finance_project/api_cost/data/news/The_Camden_Chronicle/camden_2021-05-29_airbnb-changes-refund-policy-as-it-no-longer-considers-covid-036946.pdf,891
/home/kavin-ravi/CodingStuff/quant_finance_project/api_cost/data/news/The_Camden_Chronicle/camden_2021-06-09_republicans-threaten-to-sink-biden-s-g7-backed-plan-to-fix-g-b162f7.pdf,1065
/home/kavin-ravi/CodingStuff/quant_finance_project/api_cost/data/news/The_Camden_Chronicle/camden_2021-06-16_nothing-is-plain-sailing-in-abta-v-rol-cruises-blame-game-3ca6f8.pdf,865
/home/kavin-ravi/CodingStuff/quant_finance_project/api_cost/data/news/The_Camden_Chronicle/camden_2021-06-20_un-blasts-world-leaders-for-failing-to-seal-72bn-a-year-deal-24a34b.pdf,858
/home/kavin-ravi/CodingStuff/quant_finance_project/api_cost/data/news/The_Camden_Chronicle/camden_2021-06-21_microbes-and-solar-power-could-produce-10-times-more-food-th-a5f164.pdf,1232
/home/kavin-ravi/CodingStuff/quant_finance_project/api_cost/data/news/The_Camden_Chronicle/camden_2021-06-21_uber-and-lyft-fares-surge-as-pandemic-recedes-but-drivers-do-66b54f.pdf,1461
/home/kavin-ravi/CodingStuff/quant_finance_project/api_cost/data/news/The_Camden_Chronicle/camden_2021-06-25_tell-us-about-your-area-s-exciting-green-projects-b35c7c.pdf,372
/home/kavin-ravi/CodingStuff/quant_finance_project/api_cost/data/news/The_Camden_Chronicle/camden_2021-07-02_ftse-100-firms-face-growing-revolt-on-executive-pay-amid-cov-8f70cb.pdf,571
/home/kavin-ravi/CodingStuff/quant_finance_project/api_cost/data/news/The_Camden_Chronicle/camden_2021-07-02_yellowstone-s-most-famous-geyser-could-shut-down-with-huge-r-5fcb46.pdf,1382
/home/kavin-ravi/CodingStuff/quant_finance_project/api_cost/data/news/The_Camden_Chronicle/camden_2021-07-17_laws-of-nature-could-uk-rivers-be-given-the-same-rights-as-p-ffbd12.pdf,1496
/home/kavin-ravi/CodingStuff/quant_finance_project/api_cost/data/news/The_Camden_Chronicle/camden_2021-07-20_apollo-lands-with-the-frontrunner-in-morrisons-takeover-miss-6a7b35.pdf,1084
/home/kavin-ravi/CodingStuff/quant_finance_project/api_cost/data/news/The_Camden_Chronicle/camden_2021-07-24_can-the-nightclub-industry-survive-covid-passports-a9f4aa.pdf,1187
/home/kavin-ravi/CodingStuff/quant_finance_project/api_cost/data/news/The_Camden_Chronicle/camden_2021-07-30_return-of-the-pack-african-wild-dogs-epic-journey-to-a-new-h-ddb414.pdf,1357
/home/kavin-ravi/CodingStuff/quant_finance_project/api_cost/data/news/The_Camden_Chronicle/camden_2021-08-08_how-camley-street-brought-nature-to-the-heart-of-the-capital-621d07.pdf,1426
/home/kavin-ravi/CodingStuff/quant_finance_project/api_cost/data/news/The_Camden_Chronicle/camden_2021-08-08_why-instagram-s-creatives-are-angry-about-its-move-to-video-7d633d.pdf,1367
/home/kavin-ravi/CodingStuff/quant_finance_project/api_cost/data/news/The_Camden_Chronicle/camden_2021-08-12_cairngorms-crofters-we-don-t-follow-a-capitalist-grow-grow-g-a56099.pdf,1037
/home/kavin-ravi/CodingStuff/quant_finance_project/api_cost/data/news/The_Camden_Chronicle/camden_2021-08-17_uk-medical-schools-must-teach-about-climate-crisis-say-stude-f807ac.pdf,987
/home/kavin-ravi/CodingStuff/quant_finance_project/api_cost/data/news/The_Camden_Chronicle/camden_2021-08-23_making-up-for-lost-time-australia-needs-to-speed-up-to-stay--350824.pdf,1139
/home/kavin-ravi/CodingStuff/quant_finance_project/api_cost/data/news/The_Camden_Chronicle/camden_2021-09-10_cloudmere-commerce-infrastructure-offers-to-pay-college-fees-8d5410.pdf,644
/home/kavin-ravi/CodingStuff/quant_finance_project/api_cost/data/news/The_Camden_Chronicle/camden_2021-09-18_divorce-settlements-must-change-to-make-pension-sharing-fair-263c34.pdf,825
/home/kavin-ravi/CodingStuff/quant_finance_project/api_cost/data/news/The_Camden_Chronicle/camden_2021-09-21_going-nowhere-soon-as-passport-problems-mount-aff782.pdf,600
/home/kavin-ravi/CodingStuff/quant_finance_project/api_cost/data/news/The_Camden_Chronicle/camden_2021-09-22_microsoft-launches-surface-pro-8-laptop-studio-and-duo-2-pho-cdd82d.pdf,909
/home/kavin-ravi/CodingStuff/quant_finance_project/api_cost/data/news/The_Camden_Chronicle/camden_2021-09-24_pollutionwatch-the-fight-to-protect-children-from-dirty-air-7d752b.pdf,610
/home/kavin-ravi/CodingStuff/quant_finance_project/api_cost/data/news/The_Camden_Chronicle/camden_2021-09-27_more-than-s-refusal-of-our-flooding-insurance-claim-doesn-t--3baa98.pdf,680
/home/kavin-ravi/CodingStuff/quant_finance_project/api_cost/data/news/The_Camden_Chronicle/camden_2021-09-30_the-climate-crisis-is-destroying-the-human-rights-of-those-l-6ee328.pdf,1082
/home/kavin-ravi/CodingStuff/quant_finance_project/api_cost/data/news/The_Camden_Chronicle/camden_2021-10-18_china-economy-slows-as-power-cuts-property-woes-and-covid-ta-a15cb7.pdf,1198
/home/kavin-ravi/CodingStuff/quant_finance_project/api_cost/data/news/The_Camden_Chronicle/camden_2021-10-19_interest-rates-dilemma-puts-spotlight-on-bank-of-england-s-c-3a0bb8.pdf,1372
/home/kavin-ravi/CodingStuff/quant_finance_project/api_cost/data/news/The_Camden_Chronicle/camden_2021-10-25_facebook-revelations-what-is-in-cache-of-internal-documents-e14d5b.pdf,1440
/home/kavin-ravi/CodingStuff/quant_finance_project/api_cost/data/news/The_Camden_Chronicle/camden_2021-10-27_city-broker-launches-weather-data-index-to-trade-climate-cri-339609.pdf,637
/home/kavin-ravi/CodingStuff/quant_finance_project/api_cost/data/news/The_Camden_Chronicle/camden_2021-10-28_ecb-keeps-interest-rates-on-hold-warns-of-transitory-higher--1718a6.pdf,1349
/home/kavin-ravi/CodingStuff/quant_finance_project/api_cost/data/news/The_Camden_Chronicle/camden_2021-11-04_the-grim-stakes-of-climate-crisis-for-my-generation-are-unde-41cce6.pdf,1013
/home/kavin-ravi/CodingStuff/quant_finance_project/api_cost/data/news/The_Camden_Chronicle/camden_2021-11-10_victory-for-spotted-owl-as-trump-era-plan-to-reduce-habitat--a0ff66.pdf,1091
/home/kavin-ravi/CodingStuff/quant_finance_project/api_cost/data/news/The_Camden_Chronicle/camden_2021-12-01_elizabeth-holmes-grilled-about-ex-partner-and-her-knowledge--092520.pdf,1139
/home/kavin-ravi/CodingStuff/quant_finance_project/api_cost/data/news/The_Camden_Chronicle/camden_2021-12-01_thames-water-billed-us-1-000-for-a-mystery-leak-b31153.pdf,669
/home/kavin-ravi/CodingStuff/quant_finance_project/api_cost/data/news/The_Camden_Chronicle/camden_2021-12-03_ofgem-to-review-response-to-storm-arwen-removes-compensation-7a502f.pdf,1161
/home/kavin-ravi/CodingStuff/quant_finance_project/api_cost/data/news/The_Camden_Chronicle/camden_2021-12-08_how-nairobi-s-road-for-the-rich-resulted-in-thousands-of-hom-6db341.pdf,1488
/home/kavin-ravi/CodingStuff/quant_finance_project/api_cost/data/news/The_Camden_Chronicle/camden_2022-01-01_everyone-came-at-once-america-s-national-parks-reckon-with-r-176ae4.pdf,1303
/home/kavin-ravi/CodingStuff/quant_finance_project/api_cost/data/news/The_Camden_Chronicle/camden_2022-01-07_us-economy-added-199-000-new-jobs-in-december-as-unemploymen-56a364.pdf,1439
/home/kavin-ravi/CodingStuff/quant_finance_project/api_cost/data/news/The_Camden_Chronicle/camden_2022-01-10_protein-from-gorse-bushes-could-feed-millions-of-people-says-33a97e.pdf,1146
/home/kavin-ravi/CodingStuff/quant_finance_project/api_cost/data/news/The_Camden_Chronicle/camden_2022-01-17_extinction-rebellion-donor-leads-world-s-top-performing-hedg-a6a13a.pdf,820
/home/kavin-ravi/CodingStuff/quant_finance_project/api_cost/data/news/The_Camden_Chronicle/camden_2022-01-17_janet-yellen-says-us-economy-is-unfair-to-black-americans-in-d486ce.pdf,612
/home/kavin-ravi/CodingStuff/quant_finance_project/api_cost/data/news/The_Camden_Chronicle/camden_2022-01-28_gina-rinehart-s-company-announced-as-sponsor-of-australian-o-a2a928.pdf,1383
/home/kavin-ravi/CodingStuff/quant_finance_project/api_cost/data/news/The_Camden_Chronicle/camden_2022-01-31_ethical-carbon-offsetting-has-a-role-to-play-in-tackling-the-98d48c.pdf,881
/home/kavin-ravi/CodingStuff/quant_finance_project/api_cost/data/news/The_Camden_Chronicle/camden_2022-02-02_allegations-of-worker-exploitation-at-world-s-greatest-show--26ca81.pdf,1050
/home/kavin-ravi/CodingStuff/quant_finance_project/api_cost/data/news/The_Camden_Chronicle/camden_2022-02-04_london-property-giant-shaftesbury-hails-return-of-crowds-to--f6e9e0.pdf,686
/home/kavin-ravi/CodingStuff/quant_finance_project/api_cost/data/news/The_Camden_Chronicle/camden_2022-02-07_lv-chairman-to-step-down-after-failure-of-sale-to-us-firm-ffb634.pdf,660
/home/kavin-ravi/CodingStuff/quant_finance_project/api_cost/data/news/The_Camden_Chronicle/camden_2022-02-08_nvidia-s-40bn-takeover-of-uk-chip-designer-arm-collapses-ec7d9e.pdf,835
/home/kavin-ravi/CodingStuff/quant_finance_project/api_cost/data/news/The_Camden_Chronicle/camden_2022-02-08_sse-forecasts-profits-of-nearly-1bn-as-gas-prices-soar-5193a8.pdf,714
/home/kavin-ravi/CodingStuff/quant_finance_project/api_cost/data/news/The_Camden_Chronicle/camden_2022-02-10_climate-activists-buy-environment-secretary-s-cornwall-const-c93269.pdf,842
/home/kavin-ravi/CodingStuff/quant_finance_project/api_cost/data/news/The_Camden_Chronicle/camden_2022-02-14_should-i-sell-or-rent-out-my-flat-as-it-would-not-suit-our-n-20ed4b.pdf,869
/home/kavin-ravi/CodingStuff/quant_finance_project/api_cost/data/news/The_Camden_Chronicle/camden_2022-02-20_it-s-a-powerful-feeling-the-indigenous-american-tribe-helpin-3eaf42.pdf,1282
/home/kavin-ravi/CodingStuff/quant_finance_project/api_cost/data/news/The_Camden_Chronicle/camden_2022-02-21_should-we-sell-or-rent-out-our-cornish-seaside-flat-to-be-ne-089e46.pdf,693
/home/kavin-ravi/CodingStuff/quant_finance_project/api_cost/data/news/The_Camden_Chronicle/camden_2022-02-25_russia-partially-restricts-access-to-facebook-to-protect-rus-45bb8a.pdf,1270
/home/kavin-ravi/CodingStuff/quant_finance_project/api_cost/data/news/The_Camden_Chronicle/camden_2022-02-28_rollercoaster-day-for-shares-after-russia-hit-with-sanctions-45da40.pdf,1241
/home/kavin-ravi/CodingStuff/quant_finance_project/api_cost/data/news/The_Camden_Chronicle/camden_2022-03-01_putin-s-errors-over-ukraine-could-herald-big-change-for-glob-20bb3c.pdf,1258
/home/kavin-ravi/CodingStuff/quant_finance_project/api_cost/data/news/The_Camden_Chronicle/camden_2022-03-02_eu-carbon-permit-prices-crash-after-russian-invasion-of-ukra-8ddc8c.pdf,753
/home/kavin-ravi/CodingStuff/quant_finance_project/api_cost/data/news/The_Camden_Chronicle/camden_2022-03-06_why-is-my-standing-charge-up-by-80-energy-firms-pile-on-the--280d55.pdf,1206
/home/kavin-ravi/CodingStuff/quant_finance_project/api_cost/data/news/The_Camden_Chronicle/camden_2022-03-10_tiktok-users-in-russia-can-see-only-old-russian-made-content-412f60.pdf,506
/home/kavin-ravi/CodingStuff/quant_finance_project/api_cost/data/news/The_Camden_Chronicle/camden_2022-03-11_russians-using-serbian-loophole-to-avoid-eu-flights-ban-748385.pdf,456
/home/kavin-ravi/CodingStuff/quant_finance_project/api_cost/data/news/The_Camden_Chronicle/camden_2022-03-20_readers-reply-why-do-many-animals-snore-944959.pdf,1245
/home/kavin-ravi/CodingStuff/quant_finance_project/api_cost/data/news/The_Camden_Chronicle/camden_2022-03-23_how-has-the-uk-economy-fared-in-the-two-tumultuous-years-sin-3b4daa.pdf,1164
/home/kavin-ravi/CodingStuff/quant_finance_project/api_cost/data/news/The_Camden_Chronicle/camden_2022-03-25_p-o-ferry-detained-over-crew-training-concerns-says-coastgua-3af23d.pdf,816
/home/kavin-ravi/CodingStuff/quant_finance_project/api_cost/data/news/The_Camden_Chronicle/camden_2022-03-28_uk-energy-independence-strategy-what-are-the-cabinet-divisio-1ccc01.pdf,1076
/home/kavin-ravi/CodingStuff/quant_finance_project/api_cost/data/news/The_Camden_Chronicle/camden_2022-03-30_country-diary-a-nervous-wait-for-tuberculosis-results-f96138.pdf,611
/home/kavin-ravi/CodingStuff/quant_finance_project/api_cost/data/news/The_Camden_Chronicle/camden_2022-04-02_doug-bannister-head-of-the-port-of-dover-we-re-at-the-centre-273c43.pdf,1414
/home/kavin-ravi/CodingStuff/quant_finance_project/api_cost/data/news/The_Camden_Chronicle/camden_2022-04-05_elon-musk-to-join-twitter-board-after-taking-2-9bn-stake-f99793.pdf,986
/home/kavin-ravi/CodingStuff/quant_finance_project/api_cost/data/news/The_Camden_Chronicle/camden_2022-04-12_oneplus-10-pro-review-slick-performance-costing-less-than-ri-fae1de.pdf,1383
/home/kavin-ravi/CodingStuff/quant_finance_project/api_cost/data/news/The_Camden_Chronicle/camden_2022-04-14_imf-to-lower-global-growth-forecasts-due-to-ukraine-war-and--fb9ed9.pdf,931
/home/kavin-ravi/CodingStuff/quant_finance_project/api_cost/data/news/The_Camden_Chronicle/camden_2022-04-17_six-arrested-after-climate-activists-scale-oil-tanker-in-cen-f63431.pdf,582
/home/kavin-ravi/CodingStuff/quant_finance_project/api_cost/data/news/The_Camden_Chronicle/camden_2022-04-20_just-eat-takeaway-s-us-adventure-now-looks-like-a-terrible-m-602221.pdf,1106
/home/kavin-ravi/CodingStuff/quant_finance_project/api_cost/data/news/The_Camden_Chronicle/camden_2022-04-22_uk-cost-of-living-crisis-dents-retail-sales-and-service-sect-954758.pdf,1049
/home/kavin-ravi/CodingStuff/quant_finance_project/api_cost/data/news/The_Camden_Chronicle/camden_2022-04-30_as-close-as-you-ll-get-to-free-tasmanian-couple-take-road-tr-1484da.pdf,907
/home/kavin-ravi/CodingStuff/quant_finance_project/api_cost/data/news/The_Camden_Chronicle/camden_2022-05-18_uk-inflation-hits-40-year-high-of-9-as-cost-of-food-and-ener-cd190d.pdf,1067
/home/kavin-ravi/CodingStuff/quant_finance_project/api_cost/data/news/The_Camden_Chronicle/camden_2022-05-19_us-stock-markets-fall-sharply-as-investors-worry-about-reces-ccd147.pdf,855
/home/kavin-ravi/CodingStuff/quant_finance_project/api_cost/data/news/The_Camden_Chronicle/camden_2022-06-08_alok-sharma-in-running-to-be-un-s-global-climate-chief-b1dbff.pdf,1263
/home/kavin-ravi/CodingStuff/quant_finance_project/api_cost/data/news/The_Camden_Chronicle/camden_2022-06-09_tiktok-addicts-to-benefit-from-in-app-screen-time-controls-3b91fb.pdf,555
/home/kavin-ravi/CodingStuff/quant_finance_project/api_cost/data/news/The_Camden_Chronicle/camden_2022-06-10_country-diary-plover-cousins-take-flight-but-it-s-not-all-gl-8be152.pdf,581
/home/kavin-ravi/CodingStuff/quant_finance_project/api_cost/data/news/The_Camden_Chronicle/camden_2022-06-18_from-trump-nevermind-babies-to-deep-fakes-dall-e-and-the-eth-2a43db.pdf,1039
/home/kavin-ravi/CodingStuff/quant_finance_project/api_cost/data/news/The_Camden_Chronicle/camden_2022-06-22_fed-chief-vows-to-keep-raising-rates-until-compelling-eviden-771904.pdf,610
/home/kavin-ravi/CodingStuff/quant_finance_project/api_cost/data/news/The_Camden_Chronicle/camden_2022-06-22_the-paris-sized-blind-spot-in-the-coalition-s-climate-target-236666.pdf,1479
/home/kavin-ravi/CodingStuff/quant_finance_project/api_cost/data/news/The_Camden_Chronicle/camden_2022-06-23_britain-s-vanishing-rainforests-must-be-protected-say-campai-6f54db.pdf,726
/home/kavin-ravi/CodingStuff/quant_finance_project/api_cost/data/news/The_Camden_Chronicle/camden_2022-06-24_doop-snogg-how-a-fake-snoop-dogg-fooled-an-nft-conference-3d10a7.pdf,1147
/home/kavin-ravi/CodingStuff/quant_finance_project/api_cost/data/news/The_Camden_Chronicle/camden_2022-06-24_us-accuses-uk-of-exploiting-russia-tensions-to-fish-highly-p-42ebb2.pdf,1088
/home/kavin-ravi/CodingStuff/quant_finance_project/api_cost/data/news/The_Camden_Chronicle/camden_2022-06-28_chilli-peppers-coffee-wine-how-the-climate-crisis-is-causing-33fdcd.pdf,1094
/home/kavin-ravi/CodingStuff/quant_finance_project/api_cost/data/news/The_Camden_Chronicle/camden_2022-07-02_perfect-storm-of-crises-is-widening-global-inequality-says-u-ed1103.pdf,1507
/home/kavin-ravi/CodingStuff/quant_finance_project/api_cost/data/news/The_Camden_Chronicle/camden_2022-07-04_it-feels-like-a-tipping-point-drivers-on-the-soaring-petrol--28a4d5.pdf,1407
/home/kavin-ravi/CodingStuff/quant_finance_project/api_cost/data/news/The_Camden_Chronicle/camden_2022-07-05_tory-peer-says-government-has-made-a-political-football-out--76f51e.pdf,1232
/home/kavin-ravi/CodingStuff/quant_finance_project/api_cost/data/news/The_Camden_Chronicle/camden_2022-07-07_a-hawk-eye-on-centre-court-a-day-with-wimbledon-s-star-pigeo-5d723c.pdf,956
/home/kavin-ravi/CodingStuff/quant_finance_project/api_cost/data/news/The_Camden_Chronicle/camden_2022-07-29_strikes-food-banks-takeover-fears-the-sea-of-troubles-circli-1c5aff.pdf,1679
/home/kavin-ravi/CodingStuff/quant_finance_project/api_cost/data/news/The_Camden_Chronicle/camden_2022-08-17_labor-wants-safeguard-mechanism-to-cut-emissions-from-big-po-d980d0.pdf,973
/home/kavin-ravi/CodingStuff/quant_finance_project/api_cost/data/news/The_Camden_Chronicle/camden_2022-08-22_uk-inflation-to-hit-18-as-energy-bills-rocket-recession-fear-a96512.pdf,1459
/home/kavin-ravi/CodingStuff/quant_finance_project/api_cost/data/news/The_Camden_Chronicle/camden_2022-08-27_time-running-out-to-protect-world-s-oceans-conservationists--ac3d64.pdf,774
/home/kavin-ravi/CodingStuff/quant_finance_project/api_cost/data/news/The_Camden_Chronicle/camden_2022-09-05_out-of-this-world-why-we-created-the-first-collaborative-afr-480f8b.pdf,1159
/home/kavin-ravi/CodingStuff/quant_finance_project/api_cost/data/news/The_Camden_Chronicle/camden_2022-09-11_reasons-for-cautious-optimism-the-good-news-on-the-climate-c-25849a.pdf,1432
/home/kavin-ravi/CodingStuff/quant_finance_project/api_cost/data/news/The_Camden_Chronicle/camden_2022-09-23_rage-against-the-regime-how-iran-erupted-after-the-death-of--7eccef.pdf,1071
/home/kavin-ravi/CodingStuff/quant_finance_project/api_cost/data/news/The_Camden_Chronicle/camden_2022-09-23_what-do-qatar-s-world-cup-workers-now-fear-most-being-sent-h-684001.pdf,932
/home/kavin-ravi/CodingStuff/quant_finance_project/api_cost/data/news/The_Camden_Chronicle/camden_2022-10-01_it-s-just-not-worth-it-why-employers-still-can-t-get-staff-b-50978f.pdf,1372
/home/kavin-ravi/CodingStuff/quant_finance_project/api_cost/data/news/The_Camden_Chronicle/camden_2022-10-02_uk-house-buyers-left-powerless-as-mortgage-deals-hang-in-bal-53d720.pdf,1429
/home/kavin-ravi/CodingStuff/quant_finance_project/api_cost/data/news/The_Camden_Chronicle/camden_2022-10-04_failure-to-extend-yemen-ceasefire-leaves-millions-at-risk-sa-f9c44b.pdf,1137
/home/kavin-ravi/CodingStuff/quant_finance_project/api_cost/data/news/The_Camden_Chronicle/camden_2022-10-04_wax-worm-saliva-rapidly-breaks-down-plastic-bags-scientists--a9a9f7.pdf,1033
/home/kavin-ravi/CodingStuff/quant_finance_project/api_cost/data/news/The_Camden_Chronicle/camden_2022-10-06_serial-cyberstalker-matthew-hardy-has-jail-term-cut-2a580a.pdf,768
/home/kavin-ravi/CodingStuff/quant_finance_project/api_cost/data/news/The_Camden_Chronicle/camden_2022-10-12_insulate-britain-glue-themselves-to-ground-in-pmqs-timed-pro-3dc678.pdf,1125
/home/kavin-ravi/CodingStuff/quant_finance_project/api_cost/data/news/The_Camden_Chronicle/camden_2022-10-12_uk-fracking-and-oil-drilling-good-for-environment-claims-cli-eecbe3.pdf,1105
/home/kavin-ravi/CodingStuff/quant_finance_project/api_cost/data/news/The_Camden_Chronicle/camden_2022-10-14_just-stop-oil-activists-throw-soup-at-van-gogh-s-sunflowers-f4d49d.pdf,862
/home/kavin-ravi/CodingStuff/quant_finance_project/api_cost/data/news/The_Camden_Chronicle/camden_2022-10-14_motorola-faces-price-controls-over-uk-emergency-services-rad-b6992f.pdf,780
/home/kavin-ravi/CodingStuff/quant_finance_project/api_cost/data/news/The_Camden_Chronicle/camden_2022-10-21_world-s-largest-ocean-reserve-off-hawaii-has-spillover-benef-7a0432.pdf,882
/home/kavin-ravi/CodingStuff/quant_finance_project/api_cost/data/news/The_Camden_Chronicle/camden_2022-10-25_new-zealand-uber-drivers-win-landmark-case-declaring-them-em-439577.pdf,720
/home/kavin-ravi/CodingStuff/quant_finance_project/api_cost/data/news/The_Camden_Chronicle/camden_2022-10-27_shell-paid-zero-windfall-tax-in-uk-despite-record-global-pro-8f47db.pdf,1097
/home/kavin-ravi/CodingStuff/quant_finance_project/api_cost/data/news/The_Camden_Chronicle/camden_2022-10-30_birdsong-is-music-to-my-ears-again-brief-letters-5bd87a.pdf,447
/home/kavin-ravi/CodingStuff/quant_finance_project/api_cost/data/news/The_Camden_Chronicle/camden_2022-11-01_sale-of-oil-and-gas-permits-casts-shadow-over-world-s-second-f31aec.pdf,1238
/home/kavin-ravi/CodingStuff/quant_finance_project/api_cost/data/news/The_Camden_Chronicle/camden_2022-11-10_cryptocurrency-exchange-ftx-now-worthless-says-key-investor-deee62.pdf,1159
/home/kavin-ravi/CodingStuff/quant_finance_project/api_cost/data/news/The_Camden_Chronicle/camden_2022-11-23_uk-s-digital-services-tax-reaps-almost-360m-from-us-tech-gia-9e4b33.pdf,913
/home/kavin-ravi/CodingStuff/quant_finance_project/api_cost/data/news/The_Camden_Chronicle/camden_2022-11-29_sizewell-c-confirmed-again-this-time-it-might-be-the-real-de-824062.pdf,1139
/home/kavin-ravi/CodingStuff/quant_finance_project/api_cost/data/news/The_Camden_Chronicle/camden_2022-12-08_bring-your-own-syringe-malawi-s-medical-supplies-shortage-at-74e7e4.pdf,796
/home/kavin-ravi/CodingStuff/quant_finance_project/api_cost/data/news/The_Camden_Chronicle/camden_2022-12-09_jeremy-hunt-s-city-deregulation-plans-are-dangerous-mistake--32b631.pdf,991
/home/kavin-ravi/CodingStuff/quant_finance_project/api_cost/data/news/The_Camden_Chronicle/camden_2022-12-20_africa-s-biggest-photography-library-opens-in-ghana-80e758.pdf,849
/home/kavin-ravi/CodingStuff/quant_finance_project/api_cost/data/news/The_Camden_Chronicle/camden_2023-01-01_extinction-rebellion-announces-move-away-from-disruptive-tac-67eb5e.pdf,872
/home/kavin-ravi/CodingStuff/quant_finance_project/api_cost/data/news/The_Camden_Chronicle/camden_2023-01-04_our-sisters-deserve-better-afghan-men-quit-university-jobs-a-b091e0.pdf,1085
/home/kavin-ravi/CodingStuff/quant_finance_project/api_cost/data/news/The_Camden_Chronicle/camden_2023-01-26_africa-has-become-less-safe-secure-and-democratic-in-past-de-490c7e.pdf,868
/home/kavin-ravi/CodingStuff/quant_finance_project/api_cost/data/news/The_Camden_Chronicle/camden_2023-02-12_jim-chalmers-confident-australia-will-avoid-recession-despit-e5e591.pdf,706
/home/kavin-ravi/CodingStuff/quant_finance_project/api_cost/data/news/The_Camden_Chronicle/camden_2023-02-22_450m-boiler-upgrade-scheme-for-england-and-wales-is-failing--81c441.pdf,776
/home/kavin-ravi/CodingStuff/quant_finance_project/api_cost/data/news/The_Camden_Chronicle/camden_2023-02-23_ftx-founder-sam-bankman-fried-charged-with-12-counts-in-new--bb0457.pdf,780
/home/kavin-ravi/CodingStuff/quant_finance_project/api_cost/data/news/The_Camden_Chronicle/camden_2023-02-27_research-reveals-climate-crisis-is-driving-a-rise-in-human-w-27165a.pdf,1037
/home/kavin-ravi/CodingStuff/quant_finance_project/api_cost/data/news/The_Camden_Chronicle/camden_2023-03-06_i-paid-70-000-to-fraudsters-can-santander-help-8e53ad.pdf,751
/home/kavin-ravi/CodingStuff/quant_finance_project/api_cost/data/news/The_Camden_Chronicle/camden_2023-03-17_drax-chief-s-pay-packet-jumped-almost-70-to-5-4m-in-2022-9d9730.pdf,785
/home/kavin-ravi/CodingStuff/quant_finance_project/api_cost/data/news/The_Camden_Chronicle/camden_2023-03-17_trinidad-and-tobago-is-failing-children-locked-in-syrian-cam-63f0e6.pdf,1246
/home/kavin-ravi/CodingStuff/quant_finance_project/api_cost/data/news/The_Camden_Chronicle/camden_2023-03-19_i-learned-to-love-the-bot-meet-the-chatbots-that-want-to-be--135178.pdf,1621
/home/kavin-ravi/CodingStuff/quant_finance_project/api_cost/data/news/The_Camden_Chronicle/camden_2023-03-19_readers-reply-how-big-a-garden-would-you-need-to-be-self-suf-715589.pdf,939
/home/kavin-ravi/CodingStuff/quant_finance_project/api_cost/data/news/The_Camden_Chronicle/camden_2023-03-20_north-sea-oil-and-gas-workers-vote-to-strike-amid-bumper-pro-a3ea88.pdf,764
/home/kavin-ravi/CodingStuff/quant_finance_project/api_cost/data/news/The_Camden_Chronicle/camden_2023-03-24_uk-aid-cuts-could-force-closure-of-afghan-project-supporting-32b173.pdf,740
/home/kavin-ravi/CodingStuff/quant_finance_project/api_cost/data/news/The_Camden_Chronicle/camden_2023-03-26_they-are-formidable-creatures-life-with-northumberland-s-rar-087766.pdf,991
/home/kavin-ravi/CodingStuff/quant_finance_project/api_cost/data/news/The_Camden_Chronicle/camden_2023-04-07_i-was-the-ultimate-in-cool-vw-golf-owners-remember-the-iconi-964329.pdf,922
/home/kavin-ravi/CodingStuff/quant_finance_project/api_cost/data/news/The_Camden_Chronicle/camden_2023-04-24_time-to-go-back-city-business-owners-rail-against-australia--d5fad4.pdf,1210
/home/kavin-ravi/CodingStuff/quant_finance_project/api_cost/data/news/The_Camden_Chronicle/camden_2023-04-27_us-economic-growth-slows-sharply-as-interest-rate-hikes-kick-4d97d0.pdf,729
/home/kavin-ravi/CodingStuff/quant_finance_project/api_cost/data/news/The_Camden_Chronicle/camden_2023-05-12_scotland-considers-annual-laser-scan-to-monitor-health-of-fo-59042b.pdf,929
/home/kavin-ravi/CodingStuff/quant_finance_project/api_cost/data/news/The_Camden_Chronicle/camden_2023-05-24_hundreds-of-refugees-in-malawi-rounded-up-and-sent-to-camps-7fef98.pdf,716
/home/kavin-ravi/CodingStuff/quant_finance_project/api_cost/data/news/The_Camden_Chronicle/camden_2023-05-25_asda-poised-to-announce-10bn-merger-with-petrol-stations-gro-072487.pdf,771
/home/kavin-ravi/CodingStuff/quant_finance_project/api_cost/data/news/The_Camden_Chronicle/camden_2023-05-26_tell-us-has-your-uk-energy-supplier-back-billed-you-by-more--097cc2.pdf,313
/home/kavin-ravi/CodingStuff/quant_finance_project/api_cost/data/news/The_Camden_Chronicle/camden_2023-05-30_capita-cyber-attack-90-organisations-report-data-breaches-e5ddbe.pdf,620
/home/kavin-ravi/CodingStuff/quant_finance_project/api_cost/data/news/The_Camden_Chronicle/camden_2023-05-30_woolworths-subscribers-furious-at-changes-to-everyday-extra--0e6779.pdf,806
/home/kavin-ravi/CodingStuff/quant_finance_project/api_cost/data/news/The_Camden_Chronicle/camden_2023-06-06_sec-crypto-crackdown-us-regulator-sues-binance-and-coinbase-ad8c00.pdf,1156
/home/kavin-ravi/CodingStuff/quant_finance_project/api_cost/data/news/The_Camden_Chronicle/camden_2023-06-08_surviving-the-smoke-pocalypse-101-californians-offer-advice--992369.pdf,1078
/home/kavin-ravi/CodingStuff/quant_finance_project/api_cost/data/news/The_Camden_Chronicle/camden_2023-06-14_the-cma-must-tell-vodafone-to-make-hard-commitments-not-loos-33342e.pdf,905
/home/kavin-ravi/CodingStuff/quant_finance_project/api_cost/data/news/The_Camden_Chronicle/camden_2023-06-18_flood-warnings-issued-for-england-as-parts-of-the-north-are--c0d42a.pdf,623
/home/kavin-ravi/CodingStuff/quant_finance_project/api_cost/data/news/The_Camden_Chronicle/camden_2023-06-23_flamin-hot-addictions-why-is-america-so-hooked-on-ultra-proc-f7e005.pdf,1502
/home/kavin-ravi/CodingStuff/quant_finance_project/api_cost/data/news/The_Camden_Chronicle/camden_2023-06-26_so-many-reports-of-violence-and-abuse-how-the-gig-economy-fa-f3ce6e.pdf,1314
/home/kavin-ravi/CodingStuff/quant_finance_project/api_cost/data/news/The_Camden_Chronicle/camden_2023-06-27_urgent-action-needed-to-protect-dying-kenyan-domestic-worker-4a1d56.pdf,1264
/home/kavin-ravi/CodingStuff/quant_finance_project/api_cost/data/news/The_Camden_Chronicle/camden_2023-06-28_a-couple-s-quixotic-quest-to-save-their-drowning-island-one--c9f71f.pdf,1100
/home/kavin-ravi/CodingStuff/quant_finance_project/api_cost/data/news/The_Camden_Chronicle/camden_2023-07-01_lowered-ofgem-price-cap-will-still-leave-a-quarter-in-fuel-p-734b91.pdf,793
/home/kavin-ravi/CodingStuff/quant_finance_project/api_cost/data/news/The_Camden_Chronicle/camden_2023-07-07_how-much-see-how-the-cost-of-a-barbecue-has-gone-up-in-the-u-00af88.pdf,590
/home/kavin-ravi/CodingStuff/quant_finance_project/api_cost/data/news/The_Camden_Chronicle/camden_2023-07-09_jeremy-hunt-reveals-he-was-refused-monzo-bank-account-e1619c.pdf,690
/home/kavin-ravi/CodingStuff/quant_finance_project/api_cost/data/news/The_Camden_Chronicle/camden_2023-07-11_birds-are-chuffed-with-my-tumble-dryer-fluff-brief-letters-5af19f.pdf,472
/home/kavin-ravi/CodingStuff/quant_finance_project/api_cost/data/news/The_Camden_Chronicle/camden_2023-07-11_i-am-not-a-robot-why-cloudmere-commerce-infrastructure-uk-wo-e971a6.pdf,1318
/home/kavin-ravi/CodingStuff/quant_finance_project/api_cost/data/news/The_Camden_Chronicle/camden_2023-07-19_what-does-the-uk-s-falling-inflation-rate-mean-for-you-c03caf.pdf,1085
/home/kavin-ravi/CodingStuff/quant_finance_project/api_cost/data/news/The_Camden_Chronicle/camden_2023-07-25_thames-water-has-failed-to-install-any-smart-meters-yet-in-7-7553c6.pdf,990
/home/kavin-ravi/CodingStuff/quant_finance_project/api_cost/data/news/The_Camden_Chronicle/camden_2023-08-02_twitter-sues-anti-hate-speech-group-over-tens-of-millions-of-3e8c19.pdf,889
/home/kavin-ravi/CodingStuff/quant_finance_project/api_cost/data/news/The_Camden_Chronicle/camden_2023-08-03_uk-interest-rate-rise-what-it-means-for-you-898088.pdf,1130
/home/kavin-ravi/CodingStuff/quant_finance_project/api_cost/data/news/The_Camden_Chronicle/camden_2023-08-08_biden-to-designate-1m-acres-around-grand-canyon-a-national-m-8bc943.pdf,1140
/home/kavin-ravi/CodingStuff/quant_finance_project/api_cost/data/news/The_Camden_Chronicle/camden_2023-08-13_cloudmere-commerce-infrastructure-delays-rule-change-for-som-fc1631.pdf,1045
/home/kavin-ravi/CodingStuff/quant_finance_project/api_cost/data/news/The_Camden_Chronicle/camden_2023-08-15_australia-s-wage-growth-slightly-weaker-than-expected-in-jun-c55973.pdf,1096
/home/kavin-ravi/CodingStuff/quant_finance_project/api_cost/data/news/The_Camden_Chronicle/camden_2023-08-27_nick-hitchon-obituary-012cac.pdf,733
/home/kavin-ravi/CodingStuff/quant_finance_project/api_cost/data/news/The_Camden_Chronicle/camden_2023-09-15_biden-says-record-profits-warrant-record-contracts-as-histor-14368b.pdf,1340
/home/kavin-ravi/CodingStuff/quant_finance_project/api_cost/data/news/The_Camden_Chronicle/camden_2023-09-22_from-streets-to-stage-colombia-s-magical-dance-school-in-a-f-054206.pdf,1300
/home/kavin-ravi/CodingStuff/quant_finance_project/api_cost/data/news/The_Camden_Chronicle/camden_2023-09-22_uk-firefighters-go-to-spain-for-wildfire-training-as-number--c8c580.pdf,1522
/home/kavin-ravi/CodingStuff/quant_finance_project/api_cost/data/news/The_Camden_Chronicle/camden_2023-09-28_eu-faces-make-or-break-moment-for-green-transition-report-sa-1fd13e.pdf,773
/home/kavin-ravi/CodingStuff/quant_finance_project/api_cost/data/news/The_Camden_Chronicle/camden_2023-10-03_on-the-cards-sabino-card-services-uk-boss-on-plans-for-bnpl--0c60a6.pdf,1483
/home/kavin-ravi/CodingStuff/quant_finance_project/api_cost/data/news/The_Camden_Chronicle/camden_2023-10-04_the-case-of-the-lonely-strange-bird-how-did-an-african-guine-065a16.pdf,810
/home/kavin-ravi/CodingStuff/quant_finance_project/api_cost/data/news/The_Camden_Chronicle/camden_2023-10-19_nokia-to-cut-up-to-14-000-jobs-after-profits-plunge-00368f.pdf,524
/home/kavin-ravi/CodingStuff/quant_finance_project/api_cost/data/news/The_Camden_Chronicle/camden_2023-10-23_trees-have-no-legal-status-calls-rise-for-stronger-protectio-89ddec.pdf,1303
/home/kavin-ravi/CodingStuff/quant_finance_project/api_cost/data/news/The_Camden_Chronicle/camden_2023-11-03_confronting-the-reality-of-climate-emergency-letters-8acd31.pdf,982
/home/kavin-ravi/CodingStuff/quant_finance_project/api_cost/data/news/The_Camden_Chronicle/camden_2023-11-03_gaza-diary-part-15-i-am-completely-numb-i-don-t-have-the-ene-adabd5.pdf,697
/home/kavin-ravi/CodingStuff/quant_finance_project/api_cost/data/news/The_Camden_Chronicle/camden_2023-11-04_cruise-ships-polluting-uk-coast-as-they-ignore-greener-power-23e005.pdf,1399
/home/kavin-ravi/CodingStuff/quant_finance_project/api_cost/data/news/The_Camden_Chronicle/camden_2023-11-09_love-letters-gossip-prayers-and-poetry-the-tapes-that-sustai-3ccd9f.pdf,1151
/home/kavin-ravi/CodingStuff/quant_finance_project/api_cost/data/news/The_Camden_Chronicle/camden_2023-11-13_cohabiting-couples-your-rights-on-money-property-tax-and-mor-7004c2.pdf,1279
/home/kavin-ravi/CodingStuff/quant_finance_project/api_cost/data/news/The_Camden_Chronicle/camden_2023-11-14_cloudmere-commerce-infrastructure-shows-contempt-for-uk-law--bd8d20.pdf,1027
/home/kavin-ravi/CodingStuff/quant_finance_project/api_cost/data/news/The_Camden_Chronicle/camden_2023-11-17_growing-number-of-tory-mps-join-push-for-carbon-levy-on-uk-i-ee04c9.pdf,1009
/home/kavin-ravi/CodingStuff/quant_finance_project/api_cost/data/news/The_Camden_Chronicle/camden_2023-12-01_lucy-yu-s-thriving-new-york-bookstore-burned-down-how-can-sh-e071de.pdf,1274
/home/kavin-ravi/CodingStuff/quant_finance_project/api_cost/data/news/The_Camden_Chronicle/camden_2023-12-06_700m-pledged-to-loss-and-damage-fund-at-cop28-covers-less-th-e2220a.pdf,1243
/home/kavin-ravi/CodingStuff/quant_finance_project/api_cost/data/news/The_Camden_Chronicle/camden_2023-12-11_they-violated-our-rights-chile-s-draft-constitution-fails-wo-d602ba.pdf,1067
/home/kavin-ravi/CodingStuff/quant_finance_project/api_cost/data/news/The_Camden_Chronicle/camden_2023-12-12_renault-to-sell-5-stake-to-nissan-as-carmakers-rebalance-all-538631.pdf,630
/home/kavin-ravi/CodingStuff/quant_finance_project/api_cost/data/news/The_Camden_Chronicle/camden_2023-12-20_ofgem-energy-price-cap-forecast-to-fall-by-14-in-april-uk-in-4d992f.pdf,1256
/home/kavin-ravi/CodingStuff/quant_finance_project/api_cost/data/news/The_Camden_Chronicle/camden_2023-12-20_rite-aid-facial-recognition-misidentified-black-latino-and-a-814241.pdf,1143
/home/kavin-ravi/CodingStuff/quant_finance_project/api_cost/data/news/The_Camden_Chronicle/camden_2023-12-26_embrace-the-unexpected-african-art-boosts-its-presence-at-ve-044657.pdf,1698
/home/kavin-ravi/CodingStuff/quant_finance_project/api_cost/data/news/The_Camden_Chronicle/camden_2023-12-26_great-unknowns-nine-top-scientists-on-the-one-mystery-on-ear-04e1cc.pdf,1369
/home/kavin-ravi/CodingStuff/quant_finance_project/api_cost/data/news/The_Camden_Chronicle/camden_2023-12-26_green-motion-hire-car-broke-down-then-we-were-charged-2-600-9faad1.pdf,908
/home/kavin-ravi/CodingStuff/quant_finance_project/api_cost/data/news/The_Camden_Chronicle/camden_2023-12-27_we-have-a-responsibility-the-older-women-suing-switzerland-t-ebedd5.pdf,1178
/home/kavin-ravi/CodingStuff/quant_finance_project/api_cost/data/news/The_Camden_Chronicle/camden_2023-12-28_soaring-malnutrition-is-a-stain-on-british-society-letters-3ee129.pdf,846
/home/kavin-ravi/CodingStuff/quant_finance_project/api_cost/data/news/The_Camden_Chronicle/camden_2023-12-29_lasting-legacy-of-the-six-cities-study-into-harms-of-air-pol-6a53d7.pdf,1093
/home/kavin-ravi/CodingStuff/quant_finance_project/api_cost/data/news/The_Camden_Chronicle/camden_2024-01-08_where-has-all-the-honey-gone-scientists-point-to-factors-in--09e51a.pdf,662
/home/kavin-ravi/CodingStuff/quant_finance_project/api_cost/data/news/The_Camden_Chronicle/camden_2024-01-11_dutch-caribbean-islanders-sue-netherlands-over-climate-chang-0b224c.pdf,1345
/home/kavin-ravi/CodingStuff/quant_finance_project/api_cost/data/news/The_Camden_Chronicle/camden_2024-01-17_big-tech-firms-recklessly-pursuing-profits-from-ai-says-un-h-cbbc55.pdf,824
/home/kavin-ravi/CodingStuff/quant_finance_project/api_cost/data/news/The_Camden_Chronicle/camden_2024-01-18_sacked-ftse-100-chief-executive-to-forfeit-23m-in-pay-and-be-85f5ee.pdf,836
/home/kavin-ravi/CodingStuff/quant_finance_project/api_cost/data/news/The_Camden_Chronicle/camden_2024-01-30_techscape-hot-garbage-or-core-protection-inside-keystone-mic-103c35.pdf,1353
/home/kavin-ravi/CodingStuff/quant_finance_project/api_cost/data/news/The_Camden_Chronicle/camden_2024-02-02_stop-looking-for-loopholes-un-warns-after-saudi-hints-end-of-cd42a4.pdf,1204
/home/kavin-ravi/CodingStuff/quant_finance_project/api_cost/data/news/The_Camden_Chronicle/camden_2024-02-03_no-more-chocolate-coffee-or-wine-last-supper-shows-stakes-of-c81b93.pdf,1162
/home/kavin-ravi/CodingStuff/quant_finance_project/api_cost/data/news/The_Camden_Chronicle/camden_2024-02-04_conflict-of-interest-row-greets-new-boss-of-watchdog-for-cit-ca36ab.pdf,846
/home/kavin-ravi/CodingStuff/quant_finance_project/api_cost/data/news/The_Camden_Chronicle/camden_2024-02-07_uk-women-need-to-work-extra-19-years-to-retire-with-same-pen-f3a9ec.pdf,785
/home/kavin-ravi/CodingStuff/quant_finance_project/api_cost/data/news/The_Camden_Chronicle/camden_2024-02-19_currys-shares-soar-as-chinese-online-retailer-enters-takeove-3f69d6.pdf,667
/home/kavin-ravi/CodingStuff/quant_finance_project/api_cost/data/news/The_Camden_Chronicle/camden_2024-02-21_dirty-political-games-suriname-is-selling-its-gold-and-timbe-3af119.pdf,1368
/home/kavin-ravi/CodingStuff/quant_finance_project/api_cost/data/news/The_Camden_Chronicle/camden_2024-02-21_eu-cuts-toxic-air-limits-but-still-falls-short-of-who-guidel-8e3eb1.pdf,959
/home/kavin-ravi/CodingStuff/quant_finance_project/api_cost/data/news/The_Camden_Chronicle/camden_2024-02-24_ruinously-expensive-record-number-of-inheritance-disputes-in-a450f0.pdf,1349
/home/kavin-ravi/CodingStuff/quant_finance_project/api_cost/data/news/The_Camden_Chronicle/camden_2024-02-25_does-rewilding-sort-climate-change-yes-uk-expert-says-nature-a84110.pdf,1548
/home/kavin-ravi/CodingStuff/quant_finance_project/api_cost/data/news/The_Camden_Chronicle/camden_2024-02-28_framework-laptop-16-review-the-ultimate-in-modular-pcs-ef6bec.pdf,1504
/home/kavin-ravi/CodingStuff/quant_finance_project/api_cost/data/news/The_Camden_Chronicle/camden_2024-03-04_ex-twitter-executives-sue-elon-musk-for-128m-in-unpaid-sever-161967.pdf,641
/home/kavin-ravi/CodingStuff/quant_finance_project/api_cost/data/news/The_Camden_Chronicle/camden_2024-03-07_i-discovered-thousands-of-fossils-after-retiring-now-i-m-nea-f4d97a.pdf,898
/home/kavin-ravi/CodingStuff/quant_finance_project/api_cost/data/news/The_Camden_Chronicle/camden_2024-03-16_sainsbury-s-and-tesco-resolve-technical-issues-that-disrupte-84240f.pdf,675
/home/kavin-ravi/CodingStuff/quant_finance_project/api_cost/data/news/The_Camden_Chronicle/camden_2024-03-28_staggering-rise-in-women-with-reproductive-health-issues-nea-5a4418.pdf,1019
/home/kavin-ravi/CodingStuff/quant_finance_project/api_cost/data/news/The_Camden_Chronicle/camden_2024-04-13_network-of-ghost-roads-paves-the-way-for-levelling-asia-paci-7c913d.pdf,734
/home/kavin-ravi/CodingStuff/quant_finance_project/api_cost/data/news/The_Camden_Chronicle/camden_2024-04-14_the-stupidity-that-is-letting-royal-mail-fail-letters-9ba3ad.pdf,493
/home/kavin-ravi/CodingStuff/quant_finance_project/api_cost/data/news/The_Camden_Chronicle/camden_2024-04-15_liberia-senate-votes-to-establish-war-crimes-court-5f634f.pdf,552
/home/kavin-ravi/CodingStuff/quant_finance_project/api_cost/data/news/The_Camden_Chronicle/camden_2024-04-24_ofcom-warns-broadcasters-to-remain-impartial-ahead-of-electi-d8ff55.pdf,1167
/home/kavin-ravi/CodingStuff/quant_finance_project/api_cost/data/news/The_Camden_Chronicle/camden_2024-04-25_country-diary-the-dandelions-should-be-crowded-instead-a-sol-1e394e.pdf,676
/home/kavin-ravi/CodingStuff/quant_finance_project/api_cost/data/news/The_Camden_Chronicle/camden_2024-05-05_news-on-facebook-is-dead-memes-replace-australian-media-post-7ee37b.pdf,1366
/home/kavin-ravi/CodingStuff/quant_finance_project/api_cost/data/news/The_Camden_Chronicle/camden_2024-05-06_poorer-nations-must-be-transparent-over-climate-spending-say-74b27b.pdf,1173
/home/kavin-ravi/CodingStuff/quant_finance_project/api_cost/data/news/The_Camden_Chronicle/camden_2024-05-08_astrazeneca-withdraws-covid-19-vaccine-worldwide-citing-surp-3ccc07.pdf,806
/home/kavin-ravi/CodingStuff/quant_finance_project/api_cost/data/news/The_Camden_Chronicle/camden_2024-05-08_unions-to-meet-keir-starmer-amid-concerns-about-workers-righ-5cf69b.pdf,767
/home/kavin-ravi/CodingStuff/quant_finance_project/api_cost/data/news/The_Camden_Chronicle/camden_2024-05-29_alarming-levels-of-forever-chemicals-found-in-water-near-ban-51d1ef.pdf,804
/home/kavin-ravi/CodingStuff/quant_finance_project/api_cost/data/news/The_Camden_Chronicle/camden_2024-06-17_china-new-home-prices-fall-at-fastest-rate-in-nearly-10-year-d3e6a5.pdf,1379
/home/kavin-ravi/CodingStuff/quant_finance_project/api_cost/data/news/The_Camden_Chronicle/camden_2024-06-18_your-plastic-is-here-how-easter-island-copes-with-500-pieces-5a60ce.pdf,1232
/home/kavin-ravi/CodingStuff/quant_finance_project/api_cost/data/news/The_Camden_Chronicle/camden_2024-06-26_women-exposed-to-forever-chemicals-may-risk-shorter-breastfe-35b4ab.pdf,655
/home/kavin-ravi/CodingStuff/quant_finance_project/api_cost/data/news/The_Camden_Chronicle/camden_2024-07-04_pubs-furious-at-co-op-ad-urging-euro-2024-fans-to-stay-in-wi-921be8.pdf,740
/home/kavin-ravi/CodingStuff/quant_finance_project/api_cost/data/news/The_Camden_Chronicle/camden_2024-07-13_1-2bn-plan-to-turn-sewage-waste-into-drinking-water-branded--fcfd18.pdf,1251
/home/kavin-ravi/CodingStuff/quant_finance_project/api_cost/data/news/The_Camden_Chronicle/camden_2024-07-14_raging-radical-and-ready-for-change-france-s-angry-green-wom-cb0b12.pdf,1156
/home/kavin-ravi/CodingStuff/quant_finance_project/api_cost/data/news/The_Camden_Chronicle/camden_2024-07-22_i-m-obsessed-with-ocean-sounds-i-can-t-see-but-i-can-hear-th-c13e58.pdf,826
/home/kavin-ravi/CodingStuff/quant_finance_project/api_cost/data/news/The_Camden_Chronicle/camden_2024-07-23_asterion-digital-networks-parent-company-s-second-quarter-ea-fd9907.pdf,838
/home/kavin-ravi/CodingStuff/quant_finance_project/api_cost/data/news/The_Camden_Chronicle/camden_2024-08-08_peel-those-apples-washing-produce-doesn-t-remove-pesticides--9e91c9.pdf,758
/home/kavin-ravi/CodingStuff/quant_finance_project/api_cost/data/news/The_Camden_Chronicle/camden_2024-08-08_queensland-doubles-fire-ant-eradication-zone-as-residents-re-66e082.pdf,1122
/home/kavin-ravi/CodingStuff/quant_finance_project/api_cost/data/news/The_Camden_Chronicle/camden_2024-08-14_project-2025-promises-billions-of-tonnes-more-carbon-polluti-a23957.pdf,1330
/home/kavin-ravi/CodingStuff/quant_finance_project/api_cost/data/news/The_Camden_Chronicle/camden_2024-08-27_ministers-urged-to-step-in-to-save-uk-firms-struggling-with--b9471f.pdf,845
/home/kavin-ravi/CodingStuff/quant_finance_project/api_cost/data/news/The_Camden_Chronicle/camden_2024-09-11_meta-s-ai-is-scraping-users-photos-and-posts-europeans-can-o-4a1955.pdf,705
/home/kavin-ravi/CodingStuff/quant_finance_project/api_cost/data/news/The_Camden_Chronicle/camden_2024-10-07_huge-environmental-win-australia-to-protect-52-of-its-oceans-a078b6.pdf,1104
/home/kavin-ravi/CodingStuff/quant_finance_project/api_cost/data/news/The_Camden_Chronicle/camden_2024-10-18_what-is-really-behind-the-decline-in-wild-salmon-letters-06c788.pdf,1201
/home/kavin-ravi/CodingStuff/quant_finance_project/api_cost/data/news/The_Camden_Chronicle/camden_2024-10-31_shell-calls-for-certainty-over-north-sea-future-after-uk-rai-6b0542.pdf,1088
/home/kavin-ravi/CodingStuff/quant_finance_project/api_cost/data/news/The_Camden_Chronicle/camden_2024-11-06_wall-street-and-bitcoin-soar-to-record-highs-as-trump-wins-u-a902cb.pdf,1101
/home/kavin-ravi/CodingStuff/quant_finance_project/api_cost/data/news/The_Camden_Chronicle/camden_2024-11-18_revealed-the-truth-behind-the-taliban-s-brutal-kabul-regener-c8c3d0.pdf,1194
/home/kavin-ravi/CodingStuff/quant_finance_project/api_cost/data/news/The_Camden_Chronicle/camden_2024-11-19_techscape-betting-markets-come-for-everything-and-the-fbi-co-bc5579.pdf,999
/home/kavin-ravi/CodingStuff/quant_finance_project/api_cost/data/news/The_Camden_Chronicle/camden_2024-11-19_why-cop-summits-and-climate-finance-need-reform-letters-860a21.pdf,875
/home/kavin-ravi/CodingStuff/quant_finance_project/api_cost/data/news/The_Camden_Chronicle/camden_2024-11-20_ardent-global-capital-accused-of-contributing-to-climate-and-c73d9a.pdf,1319
/home/kavin-ravi/CodingStuff/quant_finance_project/api_cost/data/news/The_Camden_Chronicle/camden_2024-11-22_it-s-really-an-honour-people-of-oil-rich-azerbaijan-welcome--dd2615.pdf,963
/home/kavin-ravi/CodingStuff/quant_finance_project/api_cost/data/news/The_Camden_Chronicle/camden_2024-11-24_ai-increasingly-used-for-sextortion-scams-and-child-abuse-sa-ba81be.pdf,1156
/home/kavin-ravi/CodingStuff/quant_finance_project/api_cost/data/news/The_Camden_Chronicle/camden_2024-11-25_b-q-owner-says-budget-uncertainty-hit-spending-and-tax-rise--e57287.pdf,777
/home/kavin-ravi/CodingStuff/quant_finance_project/api_cost/data/news/The_Camden_Chronicle/camden_2024-11-25_possible-europe-us-trade-war-could-push-euro-into-parity-wit-6fa019.pdf,1034
/home/kavin-ravi/CodingStuff/quant_finance_project/api_cost/data/news/The_Camden_Chronicle/camden_2024-12-01_if-i-m-sent-to-japan-i-m-not-coming-home-jailed-anti-whaler--6c94fd.pdf,1267
/home/kavin-ravi/CodingStuff/quant_finance_project/api_cost/data/news/The_Camden_Chronicle/camden_2024-12-02_living-next-door-to-radioactive-waste-latrobe-valley-residen-acfb31.pdf,967
/home/kavin-ravi/CodingStuff/quant_finance_project/api_cost/data/news/The_Camden_Chronicle/camden_2024-12-03_russia-can-turn-the-lights-off-how-the-uk-is-preparing-for-c-a7a11f.pdf,1337
/home/kavin-ravi/CodingStuff/quant_finance_project/api_cost/data/news/The_Camden_Chronicle/camden_2025-01-04_how-to-deal-with-zoom-calls-in-2025-in-smaller-groups-with-s-8f554f.pdf,1677
/home/kavin-ravi/CodingStuff/quant_finance_project/api_cost/data/news/The_Camden_Chronicle/camden_2025-01-15_unexpected-drop-in-inflation-lifts-pressure-off-rachel-reeve-5c015b.pdf,1179
/home/kavin-ravi/CodingStuff/quant_finance_project/api_cost/data/news/The_Camden_Chronicle/camden_2025-01-23_davos-day-three-donald-trump-demands-increase-in-nato-defenc-0f9ca3.pdf,1111
/home/kavin-ravi/CodingStuff/quant_finance_project/api_cost/data/news/The_Camden_Chronicle/camden_2025-01-28_tech-billionaires-lost-almost-100bn-in-stock-market-selloff--4e174f.pdf,955
/home/kavin-ravi/CodingStuff/quant_finance_project/api_cost/data/news/The_Camden_Chronicle/camden_2025-02-03_the-chinese-ai-companies-that-could-match-deepseek-s-impact-91f87b.pdf,1195
/home/kavin-ravi/CodingStuff/quant_finance_project/api_cost/data/news/The_Camden_Chronicle/camden_2025-03-07_how-cooking-with-gas-releases-harmful-air-pollution-in-the-h-a6165c.pdf,649
/home/kavin-ravi/CodingStuff/quant_finance_project/api_cost/data/news/The_Camden_Chronicle/camden_2025-03-17_nine-in-10-councils-in-england-to-levy-maximum-council-tax-i-a6d997.pdf,1125
/home/kavin-ravi/CodingStuff/quant_finance_project/api_cost/data/news/The_Camden_Chronicle/camden_2025-03-19_the-prison-system-is-insanely-broken-a-climate-activist-on-h-416749.pdf,808
/home/kavin-ravi/CodingStuff/quant_finance_project/api_cost/data/news/The_Camden_Chronicle/camden_2025-03-21_astrazeneca-to-invest-2-5bn-in-drugs-research-and-manfacturi-a10895.pdf,941
/home/kavin-ravi/CodingStuff/quant_finance_project/api_cost/data/news/The_Camden_Chronicle/camden_2025-03-21_weather-tracker-tornadoes-and-wildfires-kill-at-least-40-acr-8979d4.pdf,596
/home/kavin-ravi/CodingStuff/quant_finance_project/api_cost/data/news/The_Camden_Chronicle/camden_2025-03-24_nationals-guarantee-that-coalition-can-lower-power-prices-in-f354b7.pdf,1054
/home/kavin-ravi/CodingStuff/quant_finance_project/api_cost/data/news/The_Camden_Chronicle/camden_2025-04-03_co-op-to-connect-at-least-120-more-grocery-shops-after-profi-05c635.pdf,683
/home/kavin-ravi/CodingStuff/quant_finance_project/api_cost/data/news/The_Camden_Chronicle/camden_2025-04-04_sobering-stuff-uk-alcohol-industry-reels-from-impact-of-trum-9f0e79.pdf,1229
/home/kavin-ravi/CodingStuff/quant_finance_project/api_cost/data/news/The_Camden_Chronicle/camden_2025-04-12_country-diary-my-fellow-conservationists-take-no-notice-of-t-dbe460.pdf,721
/home/kavin-ravi/CodingStuff/quant_finance_project/api_cost/data/news/The_Camden_Chronicle/camden_2025-04-19_it-s-not-poverty-that-s-breeding-the-new-populism-it-s-wealt-ea80a6.pdf,1150
/home/kavin-ravi/CodingStuff/quant_finance_project/api_cost/data/news/The_Camden_Chronicle/camden_2025-04-24_wood-burning-stoves-to-be-allowed-in-new-homes-in-england-de-95ece6.pdf,634
/home/kavin-ravi/CodingStuff/quant_finance_project/api_cost/data/news/The_Camden_Chronicle/camden_2025-04-29_put-communities-at-the-heart-of-net-zero-strategy-letters-388c3f.pdf,428
/home/kavin-ravi/CodingStuff/quant_finance_project/api_cost/data/news/The_Camden_Chronicle/camden_2025-04-30_climate-experts-and-politicians-round-on-tony-blair-for-wron-bdf8d0.pdf,1045
/home/kavin-ravi/CodingStuff/quant_finance_project/api_cost/data/news/The_Camden_Chronicle/camden_2025-04-30_trump-claims-shrinking-us-economy-nothing-to-do-with-tariffs-bf5edb.pdf,1375
/home/kavin-ravi/CodingStuff/quant_finance_project/api_cost/data/news/The_Camden_Chronicle/camden_2025-05-12_wall-street-surges-after-us-and-china-agree-to-slash-tariffs-da638d.pdf,1430
/home/kavin-ravi/CodingStuff/quant_finance_project/api_cost/data/news/The_Camden_Chronicle/camden_2025-05-27_kfc-plans-to-invest-1-5bn-in-uk-and-ireland-creating-thousan-b3de83.pdf,658
/home/kavin-ravi/CodingStuff/quant_finance_project/api_cost/data/news/The_Camden_Chronicle/camden_2025-06-11_it-was-as-if-i-had-been-poisoned-when-i-left-gaza-journalist-caf806.pdf,1189
/home/kavin-ravi/CodingStuff/quant_finance_project/api_cost/data/news/The_Camden_Chronicle/camden_2025-06-12_attack-dogs-how-europe-supplies-israel-with-brutal-canine-we-857574.pdf,1271
/home/kavin-ravi/CodingStuff/quant_finance_project/api_cost/data/news/The_Camden_Chronicle/camden_2025-06-18_it-s-terrifying-whatsapp-ai-helper-mistakenly-shares-user-s--6c8c0e.pdf,1271
/home/kavin-ravi/CodingStuff/quant_finance_project/api_cost/data/news/The_Camden_Chronicle/camden_2025-06-23_kudos-to-royal-mail-for-a-special-delivery-brief-letters-1e1f1e.pdf,455
/home/kavin-ravi/CodingStuff/quant_finance_project/api_cost/data/news/The_Camden_Chronicle/camden_2025-06-25_british-business-bank-back-in-the-spotlight-with-10bn-uk-gro-744c67.pdf,1153
/home/kavin-ravi/CodingStuff/quant_finance_project/api_cost/data/news/The_Camden_Chronicle/camden_2025-07-08_i-found-out-by-chance-my-citroen-ds3-has-a-stop-drive-recall-ffd0f0.pdf,1077
/home/kavin-ravi/CodingStuff/quant_finance_project/api_cost/data/news/The_Camden_Chronicle/camden_2025-07-22_rachel-reeves-vows-to-stick-to-fiscal-rules-and-declines-to--3a79e7.pdf,1266
/home/kavin-ravi/CodingStuff/quant_finance_project/api_cost/data/news/The_Camden_Chronicle/camden_2025-07-31_there-s-no-work-now-just-debt-cambodian-garment-workers-face-c888d9.pdf,1348
/home/kavin-ravi/CodingStuff/quant_finance_project/api_cost/data/news/The_Camden_Chronicle/camden_2025-08-07_they-slaughtered-us-like-animals-the-inside-story-of-how-one-2d5b66.pdf,811
/home/kavin-ravi/CodingStuff/quant_finance_project/api_cost/data/news/The_Camden_Chronicle/camden_2025-08-13_temperature-records-broken-as-extreme-heat-grips-parts-of-eu-f5dcf2.pdf,1024
/home/kavin-ravi/CodingStuff/quant_finance_project/api_cost/data/news/The_Camden_Chronicle/camden_2025-09-09_country-diary-what-exactly-does-a-grey-seal-see-ed-douglas-6d9830.pdf,599
/home/kavin-ravi/CodingStuff/quant_finance_project/api_cost/data/news/The_Camden_Chronicle/camden_2025-09-09_peru-accused-of-violating-human-rights-after-government-reje-50e733.pdf,1227
/home/kavin-ravi/CodingStuff/quant_finance_project/api_cost/data/news/The_Camden_Chronicle/camden_2025-09-15_right-to-swim-and-wild-camp-in-england-should-be-enshrined-i-a78b96.pdf,1052
